{
    "name": "Loop_DB_Apply_lookup_main02",
    "properties": {
        "activities": [
            {
                "name": "ForEach1",
                "type": "ForEach",
                "dependsOn": [
                    {
                        "activity": "Lookup1",
                        "dependencyConditions": [
                            "Succeeded"
                        ]
                    }
                ],
                "userProperties": [],
                "typeProperties": {
                    "items": {
                        "value": "@activity('Lookup1').output.value",
                        "type": "Expression"
                    },
                    "isSequential": false,
                    "activities": [
                        {
                            "name": "Stored procedure1_copy1_copy1",
                            "type": "SqlServerStoredProcedure",
                            "dependsOn": [],
                            "policy": {
                                "timeout": "7.00:00:00",
                                "retry": 0,
                                "retryIntervalInSeconds": 30,
                                "secureOutput": false,
                                "secureInput": false
                            },
                            "userProperties": [],
                            "typeProperties": {
                                "storedProcedureName": {
                                    "value": "@item().SPname",
                                    "type": "Expression"
                                }
                            },
                            "linkedServiceName": {
                                "referenceName": "Server01",
                                "type": "LinkedServiceReference",
                                "parameters": {
                                    "DBN": {
                                        "value": "@item().DBname",
                                        "type": "Expression"
                                    }
                                }
                            }
                        }
                    ]
                }
            },
            {
                "name": "Lookup1",
                "type": "Lookup",
                "dependsOn": [],
                "policy": {
                    "timeout": "7.00:00:00",
                    "retry": 0,
                    "retryIntervalInSeconds": 30,
                    "secureOutput": false,
                    "secureInput": false
                },
                "userProperties": [],
                "typeProperties": {
                    "source": {
                        "type": "SqlServerSource",
                        "sqlReaderQuery": "Select * from [dbo].Para_Table;",
                        "queryTimeout": "02:00:00",
                        "partitionOption": "None"
                    },
                    "dataset": {
                        "referenceName": "SqlServerTable3",
                        "type": "DatasetReference"
                    },
                    "firstRowOnly": false
                }
            }
        ],
        "annotations": [],
        "lastPublishTime": "2021-11-05T07:16:11Z"
    },
    "type": "Microsoft.DataFactory/factories/pipelines"
}