{
    "now": "2021-11-05T13:54:00.723Z",
    "perfNow": 1457947.8999999762,
    "diagnosticCorrelation": "2b152348-5f95-4f45-b7ce-6c5b70eac904",
    "source": "DownloadSupportFiles",
    "environment": {
        "productName": "adf",
        "buildVersion": "1.0.20211102.4",
        "environmentType": 3,
        "resourceName": "adf911",
        "resourceRegion": "westus2",
        "resourceGroup": "AshfaqRG01",
        "subscriptionId": "8f6aa822-e567-4311-8197-ed01fe525a04",
        "sessionId": "9mNK1",
        "operationId": "eeqrt",
        "gitType": "live"
    },
    "additionalInfo": {
        "selectedResource": "Loop_DB_Apply_SP_copy2",
        "selectedResourceType": "pipeline"
    }
}