{
    "now": "2021-11-05T13:53:51.125Z",
    "perfNow": 1448349.1000000238,
    "diagnosticCorrelation": "64e67338-a569-4eef-934c-99a9d1f37115",
    "source": "DownloadSupportFiles",
    "environment": {
        "productName": "adf",
        "buildVersion": "1.0.20211102.4",
        "environmentType": 3,
        "resourceName": "adf911",
        "resourceRegion": "westus2",
        "resourceGroup": "AshfaqRG01",
        "subscriptionId": "8f6aa822-e567-4311-8197-ed01fe525a04",
        "sessionId": "9mNK1",
        "operationId": "eeqrt",
        "gitType": "live"
    },
    "additionalInfo": {
        "selectedResource": "Loop_DB_Apply_lookup_main02",
        "selectedResourceType": "pipeline"
    }
}