{
    "name": "Loop_DB_Apply_SP_copy2",
    "properties": {
        "activities": [
            {
                "name": "ForEach1",
                "type": "ForEach",
                "dependsOn": [],
                "userProperties": [],
                "typeProperties": {
                    "items": {
                        "value": "@pipeline().parameters.ListARY",
                        "type": "Expression"
                    },
                    "isSequential": false,
                    "activities": [
                        {
                            "name": "Stored procedure1_copy1_copy1",
                            "type": "SqlServerStoredProcedure",
                            "dependsOn": [],
                            "policy": {
                                "timeout": "7.00:00:00",
                                "retry": 0,
                                "retryIntervalInSeconds": 30,
                                "secureOutput": false,
                                "secureInput": false
                            },
                            "userProperties": [],
                            "typeProperties": {
                                "storedProcedureName": {
                                    "value": "@item().SP",
                                    "type": "Expression"
                                }
                            },
                            "linkedServiceName": {
                                "referenceName": "Server01",
                                "type": "LinkedServiceReference",
                                "parameters": {
                                    "DBN": {
                                        "value": "@item().DB",
                                        "type": "Expression"
                                    }
                                }
                            }
                        }
                    ]
                }
            }
        ],
        "parameters": {
            "ListARY": {
                "type": "array",
                "defaultValue": [
                    {
                        "DB": "DB01",
                        "SP": "[dbo].[spdb01]"
                    },
                    {
                        "DB": "DB02",
                        "SP": "[dbo].[spdb02]"
                    },
                    {
                        "DB": "DB03",
                        "SP": "[dbo].[spdb03]"
                    }
                ]
            }
        },
        "annotations": [],
        "lastPublishTime": "2021-11-05T07:16:11Z"
    },
    "type": "Microsoft.DataFactory/factories/pipelines"
}